Round,AvgAccuracy,AvgLoss
1,0.168135593220339,5.422877496480941
