Round,AvgAccuracy,AvgLoss
1,0.22000000000000006,1.7714257955551147
2,0.13000000000000003,1.7966159164905549
3,0.14000000000000004,1.7915988326072694
