Round,AvgAccuracy,AvgLoss
1,0.25,1.7941610634326934
2,0.175,1.7984282195568084
3,0.1,1.797058254480362
4,0.1,1.8012987911701202
5,0.025,1.8038243114948274
