Round,AvgAccuracy,AvgLoss
1,0.2700000000000001,1.783300018310547
2,0.17000000000000004,1.8008463859558106
3,0.12000000000000002,1.8009465217590332
