Round,AvgAccuracy,AvgLoss
1,0.15000000000000008,1.7929311692714691
2,0.19,1.7832872331142426
3,0.16000000000000006,1.799372148513794
