Round,AvgAccuracy,AvgLoss
1,0.125,1.8156981647014618
2,0.125,1.7962453842163086
3,0.025,1.8056509077548981
4,0.225,1.7934688985347749
5,0.25,1.7937981069087983
