Round,AvgAccuracy,AvgLoss
1,0.24000000000000007,1.7871881604194642
2,0.21000000000000005,1.7887916028499604
3,0.19000000000000003,1.8013136327266692
