Round,AvgAccuracy,AvgLoss
1,0.17,1.7779352247714997
2,0.17,1.7999032199382783
3,0.13,1.7962181508541106
4,0.19000000000000003,1.782061219215393
