Round,AvgAccuracy,AvgLoss
1,0.275,1.7878947734832764
2,0.325,1.7983428597450257
3,0.125,1.7964823246002197
4,0.075,1.7825939893722533
5,0.05,1.804741382598877
