Round,AvgAccuracy,AvgLoss
1,0.15000000000000002,1.7761568605899811
2,0.14,1.796630847454071
3,0.15,1.8071180939674378
