Round,AvgAccuracy,AvgLoss
1,0.06,1.7909673750400543
2,0.26000000000000006,1.781186193227768
3,0.22000000000000003,1.7868594348430633
