Round,AvgAccuracy,AvgLoss
1,0.2840000000000001,1.756201583147049
2,0.139,1.8538559436798097
3,0.14600000000000005,1.8438100039958953
4,0.16600000000000004,1.7976254880428315
