Round,AvgAccuracy,AvgLoss
1,0.175,1.780751609802246
2,0.15,1.7907155752182007
3,0.325,1.7884746730327605
4,0.25,1.7915979325771332
5,0.2,1.7862047910690309
