Round,AvgAccuracy,AvgLoss
1,0.27,1.782381147146225
2,0.10999999999999999,1.8014643967151642
3,0.14,1.8096598207950592
