Round,AvgAccuracy,AvgLoss
1,0.35525,3.5404467940330506
2,0.3434999999999999,3.512508636713028
3,0.3395,3.463820630311966
